mmsi,shipname,callsign,fleet_iso3,fleet_name,imo
273354560,NAGORSK,UBLI8,RUS,Russia,8708000
273813900,LUCHEZARNYY,UHGT,RUS,Russia,7941813
353901000,HONG YING,H90Q,PAN,Panama,9097056
441723000,SAEHAN STELLAR,DSML2,KOR,South Korea,9016698
677058600,LIAO CHANG LENG 9,5IM686,CHN,China,8933083
412441730,HAI FENG 101,BZ2UN,CHN,China,8785448
528565426,FOR SHINE 1,T3HM2,KIR,Kiribati,8891302
258799000,RONJA HARVESTER,LAWU,NOR,Norway,9392547
725001544,RONIA ATLANTIC,CA5569,CHL,Chile,9451563
273358500,LIINAHAMARI,UBJG4,RUS,Russia,9123207
412679470,DONGYUAN2,BZUT8,CHN,China,9024712
367107030,AKEMI,WDC9814,USA,United States,
367108410,ST. LAZARIA,WDC9919,USA,United States,
367108420,AFOGNAK,WDC9920,USA,United States,7048829
367113130,CARMELA,WCZ8776,USA,United States,7049990
367116310,WILD SALMON,WDD2516,USA,United States,
367119230,NOR`QUEST,WDD2742,USA,United States,
367452240,LINDA B,WBF4466,USA,United States,
367494020,VIKING,WDF8358,USA,United States,7309780
367534430,SHELTER COVE,WDG4237,USA,United States,
368213000,SAVAGE,WAQ3499,USA,United States,8856390
227000000,POMOR,UBWO2,RUS,Russia,8860468
273382239,BLUETRANS,UBAO2,RUS,Russia,9220835
259078000,BJORGPAULINE,LFEG,NOR,Norway,9544671
325700000,HAIJILI,J7CX2,DMA,Dominica,9677595
352360000,DOLLY 798,4DEE3,PHL,Philippines,7916791
412440004,FUYUANYU91,BAWE,CHN,China,8414295
412440254,FUYUANYULENG19,BZU5K,CHN,China,
431200264,KAIKO MARU NO.37,JH3171,JPN,Japan,
431401138,KAIKO MARU NO.36,JK4863,JPN,Japan,
412330149,LURONGYUANYUYUN789,,CHN,China,
27331395,SIRIUS,UHVP,RUS,Russia,7700099
341049000,FRIO ARKHANGELSK,V4KI2,KNA,Saint Kitts and Nevis,8860444
229428000,SIERRAMERLOT,9HA3322,MLT,Malta,9076272
273332291,BUKHTA RUSSKAYA,UFLQ,RUS,Russia,9076272
273332302,BUKHTA RUSSKAYA,UFLQ,RUS,Russia,9076272
306871000,SIERRALARA,PJYP,CUW,Cura ao,9120205
636014563,ITALIANREEFER,A8UV4,LBR,Liberia,8920983
514394000,LUIN,XUAU2,KHM,Cambodia,8727018
273330284,POLTAVA,UEEJ,RUS,Russia,9175286
273342230,AMBER BALTIC,UBCG5,RUS,Russia,8513273
273361900,AMEGA,UBLG2,RUS,Russia,8502793
273353800,CRYSTAL ATLANTICA,UBKG5,RUS,Russia,8509569
273358510,SIERRA,UAID,RUS,Russia,8216198
273367690,TORNADO,UBGM2,RUS,Russia,8404575
308572000,RUNAWAY BAY,C6PX2,BHS,The Bahamas,9019640
273384970,NOVIY SVET,UEOD,RUS,Russia,8509557
312900000,NOVIYSVET,V3NM,BLZ,Belize,8509557
341307000,NOVIY SVET,V4OQ2,KNA,Saint Kitts and Nevis,8509557
341307007,NOVIY SVET,V4OQ2,KNA,Saint Kitts and Nevis,8509557
273434600,KOOPERATOR,UEZM,RUS,Russia,8729200
273441719,JUPITER,UDOW,RUS,Russia,7700116
273441727,JUPITER,UDOW,RUS,Russia,7700116
273511500,GIBRALTAR,UFNO,RUS,Russia,7642663
273815000,VLAD ORION,UAKG,RUS,Russia,8881357
515604000,OCEANDREAM,XUDP7,KHM,Cambodia,8834689
273844500,CAESAR,UCXC,RUS,Russia,8835968
677047700,AMINAH,5IM577,TZA,Tanzania,8818893
306862000,COPPENAME,PJYM,CUW,Cura ao,8807636
308743000,TAMA STAR,C6MA6,BHS,The Bahamas,8517358
636017010,NOVA STELLA,D5IW5,LBR,Liberia,8517358
310324000,TALCA,ZCBZ5,BMU,Bermuda,8616324
311009600,GREEN FREEZER,C6XH4,BHS,The Bahamas,8819304
311043800,GREEN AUSTEVOLL,C6YS6,BHS,The Bahamas,8819299
311040500,GREEN EGERSUND,C6YO8,BHS,The Bahamas,8804567
311289000,GREEN HONDURAS,C6WH8,BHS,The Bahamas,8912132
311449000,GREEN MUSIC,C6VY4,BHS,The Bahamas,8822595
636018009,REINA,D5NT7,LBR,Liberia,8202226
312379000,FRIO POSEIDON,V3YQ5,BLZ,Belize,8811687
371719000,DAFENG MARINER,3FIO6,PAN,Panama,8319031
312621000,ZHONG ZHOU 1,V3KS3,BLZ,Belize,9044358
312862000,NORMANDIC,V3OJ6,BLZ,Belize,8215936
351537000,RUI SHENG,3FOH6,PAN,Panama,8688755
351776000,MING HANG,3FIY4,PAN,Panama,8130837
529529000,CHAN HAN NO.6,T3DY2,KIR,Kiribati,7812074
352085000,HUA FU 107,3FDZ4,PAN,Panama,8518819
529120000,WIN UNI,T3MY,KIR,Kiribati,7302299
352199000,SEA TRADER I,HODS,PAN,Panama,8919893
352241000,TUNA PRINCESS,H3CN,PAN,Panama,9314612
352844000,JACHA,3EFC4,PAN,Panama,8512920
412322280,TAI NING,BBQR,CHN,China,8217116
374505000,ISLEMAN,3FWT,PAN,Panama,8814902
353982000,FRIO ATHENS,3FAX7,PAN,Panama,8710340
354240000,CRYSTAL REEFER,3FFY5,PAN,Panama,9017276
529604000,PS REEFER,T3HB2,KIR,Kiribati,8221947
354683000,EITA MARU,HPLA,PAN,Panama,9109287
576277000,SHIN IZU,YJQA5,VUT,Vanuatu,9186936
355966000,JOCHOH,3FTG5,PAN,Panama,9126261
356065000,SURUGA 1,H3OD,PAN,Panama,9109263
356514000,HAI FENG 618,3FHE6,PAN,Panama,9035084
357676000,ASIAN ADONIS,3FQG9,PAN,Panama,9196424
577122000,IBUKI,YJTD3,VUT,Vanuatu,9666481
440046000,SEIWA,DSMA2,KOR,South Korea,9021277
371100000,YUNG DA FA 101,HPQB,PAN,Panama,8508840
667004025,MIN TAI LENG,9LA2124,SLE,Sierra Leone,8627309
371565000,TAI XING,3EZQ5,PAN,Panama,8210273
576285000,HOUTA MARU,YJQD7,VUT,Vanuatu,9003158
576689000,ZEFYROS,YJQK7,VUT,Vanuatu,8916748
374445000,QI HANG,3EAT9,PAN,Panama,8609292
515777000,QIHANG,XUCT6,KHM,Cambodia,8609292
441725000,SEIN OCEAN,DSMN2,KOR,South Korea,8312461
416702000,SHENG HONG,BZLL,TWN,Taiwan,7920869
440196000,LAKE SUCCESS,D7MQ,KOR,South Korea,8702630
441723000,SEIN FRONTIER,D7AX,KOR,South Korea,9051789
529101000,HUA JIAN 1,T3MD,KIR,Kiribati,7908732
667003229,RUNJIU,9LY2426,SLE,Sierra Leone,9441960
529781000,ZHONG XIANG,D5LN5,LBR,Liberia,8814299
538002960,AMAGI,V7NH7,MHL,Marshall Islands,9170963
548352100,DANIELLA-T,4DEG6,PHL,Philippines,8217142
567046600,SILVER SEA LINE,HSBX,THA,Thailand,7804900
567231000,SILVERSEALINE3,HSB2993,THA,Thailand,7637589
576195000,LA MANCHE,YJVT7,VUT,Vanuatu,8226739
636017468,TENHO MARU,D5LC4,LBR,Liberia,9128764
616852000,GABU REEFER,D6FJ2,COM,Comoros,8300949
616885000,SOLARTE,D6FM9,COM,Comoros,8210285
636013146,ACONCAGUA BAY,A8KY9,LBR,Liberia,9019652
636013153,WHITNEY BAY,A8KZ8,LBR,Liberia,8911085
,CHANGFENG,,KIR,Kiribati,8627309
,SEINSTAR,,MLT,Malta,8319029
,SPRINCESA,,THA,Thailand,7713228
,TAIS,,RUS,Russia,9101871
,TANGERINE88,,KHM,Cambodia,7931674
,WINDFROST,,LBR,Liberia,8807662
367187410,SELDOVIA,WDD7509,USA,United States,7308712
529614000,FOR SHINE 1,T3HM2,KIR,Kiribati,8891302
316008770,ROYKRISTIAN,LLKA,NOR,Norway,9237591
412203940,XIANYU2,BAMF,CHN,China,9279903
412206290,HUANG HAI MING ZHU,BASJ,CHN,China,9407433
5004,GANDIL,WDC5380,USA,United States,8034667
367632260,NOTORIOUS,WDH5866,USA,United States,7202061
367119930,NAKNEK SPIRIT,WDF7411,USA,United States,
367124290,CAPE DENBIGH,WDC3659,USA,United States,8332136
367171480,DECEPTION,WDD6334,USA,United States,8851467
367302960,BRUIN BAY,WDD8804,USA,United States,
367348005,HARMONY I,WDE4075,USA,United States,7917666
257162000,BLUETRANS,LLBB,NOR,Norway,9220835
273847300,VALENTIN,UIEX,RUS,Russia,8724418
412276434,LURONGYUYUN56219,BBFS,CHN,China,
200001140,FU YUAN YU F86,BZ1UR,CHN,China,8798419
210631000,FRIO FORWIN,5BWC3,CYP,Cyprus,9076260
210966000,BALTIC FORWARD,P3BI4,CYP,Cyprus,8509533
229382000,SIERRA MEDOC,9HA3287,MLT,Malta,9076246
352786000,SIERRAMEDOC,3FRE3,LBR,Liberia,9076246
356728000,DON REEFER,3ETB8,PAN,Panama,9035072
306117000,SIERRALAUREL,PJBQ,ANT,Netherlands Antilles,9163403
249665000,GREEN GLACIER,9HCJ5,MLT,Malta,9004401
341889000,NOVA CALEDONIA,V4WD2,KNA,Saint Kitts and Nevis,8518807
636016998,GREEN CONCORDIA,D5IV3,LBR,Liberia,9011038
273353310,NADEZHDA,UBMZ,RUS,Russia,7809106
273312280,KOMETA,UFRO,RUS,Russia,8422711
273313840,AKASHIYA,UHOJ,RUS,Russia,7908562
273330280,POLTAVA,UEEJ,RUS,Russia,9175286
273352700,CORONA REEFER,UIAE,RUS,Russia,9004358
273356010,SIVUCH,UBMG8,RUS,Russia,7723027
273356290,VITALIY SHMYKOV,UBOJ9,RUS,Russia,8710352
352367000,FRIO SEVASTOPOLIS,3EUP9,PAN,Panama,8860432
355658000,GRACE II,3EFI6,PAN,Panama,9061899
273383970,BOSFOR VOSTOCHNY,UEXJ,RUS,Russia,9010785
273394490,CRYSTAL ASIA,UDSR,RUS,Russia,9053957
636091465,PRINCEOFSTREAM,A8OE7,LBR,Liberia,9073268
356517000,ASIAN COSMOS,3FLM8,PAN,Panama,9172698
636009737,FRIO IONIAN,ELPE2,LBR,Liberia,9014793
341099000,ATLANTIC LADY,V4JY2,KNA,Saint Kitts and Nevis,8500630
273421246,ANTON GURIN,UERJ,RUS,Russia,8723402
273435310,BASKUNCHAKSKIY,UBAZ,RUS,Russia,8723311
273440863,KATRAN,UERV,RUS,Russia,8727343
273449760,PLUTONAS,UERU,RUS,Russia,7808322
273812060,TRIADA,UFKE,RUS,Russia,9101869
723814050,OZERSK,UHWR,RUS,Russia,8226973
371210000,RAINFROST,3EGY7,PAN,Panama,8521804
273842700,AMAYAN,UDKC,RUS,Russia,8858544
273875400,IRTYSH,UGCQ,RUS,Russia,8724420
374115000,SEA GLORY II,3FKX4,PAN,Panama,9009695
277348000,CAPELLA,LYSG,LTU,Lithuania,9047257
306796000,BREIZ KLIPPER,PJQV,CUW,Cura ao,8917211
308228000,GREEN OCEAN,C6VY8,BHS,The Bahamas,9001916
577324000,SEA PEARL,YJUT4,VUT,Vanuatu,9008639
311009700,GREEN CRYSTAL,C6XH5,BHS,The Bahamas,8920995
334667000,PRECIOUS9,HQXQ2,HND,Honduras,7811513
341095000,SUNNY LISA,V4JW2,KNA,Saint Kitts and Nevis,7359278
351763000,SHIN HANG,3FRT,PAN,Panama,8214839
351817000,WHITE DOLPHIN,3EVO6,PAN,Panama,8807430
440214000,SEIN QUEEN,D7MY,KOR,South Korea,8807430
352351000,AVUNDA REEFER,3EJD5,PAN,Panama,9072824
577106000,HARIMA 2,YJTB3,VUT,Vanuatu,9133317
353937000,SANWA FONTAINE,3FMK4,PAN,Panama,8204121
354102000,RYOMA,H3IZ,PAN,Panama,9133305
354617000,DA PING 1,H8TO,PAN,Panama,8011029
354667000,ORIONS,3FTH4,PAN,Panama,8513869
355855000,MONTELAURA,3FRF5,PAN,Panama,7625500
374830000,SEIN GRACE,3EFA6,PAN,Panama,8609979
357788000,MIYABI,3FTI9,PAN,Panama,8808252
370981000,ANGEL I,HOYH,PAN,Panama,8223488
577167000,TAISEI MARU 15,YJTJ8,VUT,Vanuatu,8710728
577168000,TAISEI MARU 15,YJTJ8,VUT,Vanuatu,8710728
371785000,TALOFA,3FKN7,PAN,Panama,8223311
372199000,GIRALDACARRIER,3FTJ4,PAN,Panama,8609981
372199000,SEIN PRINCESS,3FTJ4,PAN,Panama,8609981
373731000,FRIOANTARCTIC1,3FDB6,PAN,Panama,8807466
374045000,HAI SHUN 158,HP6825,PAN,Panama,9011911
576270000,HIKARI 1,YJVY7,VUT,Vanuatu,9293313
374321000,IRIS REEFER,3FGM3,PAN,Panama,8513039
412439619,YONG FA YUN 10,BZW5B,CHN,China,9787716
412439759,YONG FA YUN 12,BZW6B,CHN,China,9797527
416085900,CHEN YU NO.7,BZLY,TWN,Taiwan,7930175
416788000,CHANG CHING NO.1,BZFN,TWN,Taiwan,6908113
538002997,MONONOK,V7NP9,MHL,Marshall Islands,8911607
440237000,OCEANUS,D7NG,KOR,South Korea,9194919
441034000,SUN FLOWER 7,DSPI5,KOR,South Korea,8513871
518100019,UNION ONE,E5U2964,COK,Cook Islands,7809390
515887000,KAMANGA,XUJW9,KHM,Cambodia,7614812
529354000,HUA JIAN 107,T3XR,KIR,Kiribati,8421298
567011500,SILVER SEA LINE 2,HSCY2,THA,Thailand,7727114
576420000,VICTORIA,YJQE9,VUT,Vanuatu,9140097
576687000,FUTAGAMI,YJQJ8,VUT,Vanuatu,9105293
576728000,LUNG YUIN,YJQP3,VUT,Vanuatu,9048603
627084000,VOLTAVICT,9GRG,GHA,Ghana,9140102
636013148,EVEREST BAY,A8KZ3,LBR,Liberia,8911073
636018457,PRINCE OF SEAS,A8JI5,LBR,Liberia,9014444
412699340,FUYUANYUF88,,CHN,China,
,NORCAPE,,KNA,Saint Kitts and Nevis,8800224
,SERVIS,,VCT,Saint Vincent and the Grenadines,7368621
356567000,SOC GLORY,3ELL9,PAN,Panama,9815305
514087000,HAI TONG DA,XUGT4,KHM,Cambodia,8426913
529624000,FRIENDSHIP,T3HX2,CHN,China,8936061
,TENGYUAN,,CHN,China,9211523
412672930,ZHE LENG 7,BKAE5,CHN,China,9025649
367098030,KONA KAI,WBS9245,USA,United States,8852667
273382220,BLUETRANS,UBAO2,RUS,Russia,9220835
273846410,TESEY,UDBO,RUS,Russia,9081526
273898210,ABINSK,UGML,RUS,Russia,7832701
667006086,NIKOLAYUSTINOV,9LC2179,SLE,Sierra Leone,9500326
412455820,JINCHENGXING7,BVEK,CHN,China,
431008827,KAIKOMARU81,JD4127,JPN,Japan,
412440493,FUYUANYULENG999,,CHN,China,
,LU RONG YUAN YU YUN 168,,CHN,China,9736339
334674000,WISDOMSEAREEFER,HQXQ4,HND,Honduras,7637527
273374170,FRIO VLADIVOSTOK,UBJN2,RUS,Russia,9175274
212857000,BELBEK,P3MG8,CYP,Cyprus,9140970
272523000,KORSUN,UUCW,UKR,Ukraine,8036079
244820009,SIERRA LARA,PCOZ,NLD,Netherlands,9120205
245317000,COOL EXPRESO,PDKK,NLD,Netherlands,9085479
245409000,PACIFIC,PGQI,NLD,Netherlands,9127928
273312180,DIREKTOR,UBLE5,RUS,Russia,8306606
273316230,BALYUZEK,UBWH,RUS,Russia,8518895
273319440,GREEN TUNDRA,UGNI,RUS,Russia,8512011
273330281,POLTAVA,UEEJ,RUS,Russia,9175286
273330301,POLTAVA,UEEJ,RUS,Russia,9175286
273348520,PAVLOVSK,UBZE3,RUS,Russia,8613542
273349530,PETR RIKORD,UBFG2,RUS,Russia,8609163
352055000,ARKADIJA,3EHJ9,PAN,Panama,9057393
273352574,PYOTR ILICHYOV,UCMP,RUS,Russia,9082178
273352575,PYOTR ILICHYOV,UCMP,RUS,Russia,9082178
671641000,MARS,5VDP4,TGO,Togo,7723027
273356760,HATSUKARI,UBOI9,RUS,Russia,9054858
354408000,CAPTAINMOKEEV,3FAO8,PAN,Panama,9081667
273359934,TAVRIA,UBIH4,RUS,Russia,8826759
273385137,URGULL,UBZN7,RUS,Russia,8810190
353019000,FRIO CANARIAS,3FZW3,PAN,Panama,8502432
431472000,ORION,JATC,JPN,Japan,8520496
341091000,SUNNY LINA,V4JU2,KNA,Saint Kitts and Nevis,7826142
273398990,FRIO SAPFIR,UBFP5,RUS,Russia,9014793
373755000,FRIO IONIAN,3FUZ,PAN,Panama,9014793
273434010,MANGAZEYA,UFRI,RUS,Russia,7741108
273440895,KATRAN,UERV,RUS,Russia,8727343
273449510,GEOLOGPECHKUROV,UHYG,RUS,Russia,8842533
273449791,PLUTONAS,UERU,RUS,Russia,7808322
273557400,KAPITAN LAZAREV,UEAV,RUS,Russia,9016985
273811510,OSTROV KARAGINSKIY,UEVS,RUS,Russia,9159763
273820900,NADIR,UEVR,RUS,Russia,8724389
273825810,LUCHISTYY,UHTH,RUS,Russia,8035087
273848200,TATARSTAN,UCLX,RUS,Russia,7730159
370305000,MURCIA CARRIER,3FJZ2,PAN,Panama,9063665
355466000,FRIOCONFIDANZE,V3QW5,BLZ,Belize,7713242
312284000,QIANYUAN,V3KX2,BLZ,Belize,8819691
312413000,QIAO TAI,T3PM2,KIR,Kiribati,9677595
529758000,QIAO TAI,T3PM2,KIR,Kiribati,9677595
341244000,NOVAYA ZEMLYA,V4TT2,KNA,Saint Kitts and Nevis,8514796
314006000,LAPPONIAN REEFER,8PLJ,BRB,Barbados,8917534
319166000,ICE RIVER,ZCCT6,CYM,Cayman Islands,8311118
351350000,NO.2 JOCHOH,3FVR4,PAN,Panama,9698343
351493000,DROVER,HP7289,PAN,Panama,8210338
374030000,SYOTA MARU,H9NZ,PAN,Panama,9087908
372825000,CHAN HAN 6,3FJL9,PAN,Panama,7812074
636013523,MARINEPHOENIX,A8NM7,LBR,Liberia,9072824
440057000,OCEAN JIN,D7MH,KOR,South Korea,8904068
800022379,DINOK,HOAJ,PAN,Panama,8908234
352656000,NEW PROSPERITY,3FOZ8,PAN,Panama,9172442
529642000,MELTEMI,T3JR2,KIR,Kiribati,9172442
354463048,XING YUN,3FVB3,PAN,Panama,8203816
352796000,KHANA,3EYB6,PAN,Panama,8810645
354260000,FONG QUN,3EDM9,PAN,Panama,7920728
353670000,HARVESTS,HO7915,PAN,Panama,8223804
355141000,YUNG DA FA 102,3FEJ5,PAN,Panama,8323599
355802000,NEW TAKATSUKI,3EFN9,PAN,Panama,9015838
355813000,KAI CHENG,3FAA6,PAN,Panama,8021892
355874000,JONATHAN ACE,3FPM2,PAN,Panama,8221595
356636000,NO.1 BARON,3FMM7,PAN,Panama,8911619
356878000,SHINHANG6,3FOZ2,PAN,Panama,8318659
371118580,FONG KUO NO. 819,3FCY3,PAN,Panama,8913992
370890000,FORTUNA REEFER,3EVW4,PAN,Panama,7908770
529445000,TAI XING,T3AL2,KIR,Kiribati,8210273
372107000,FRIO OLYMPIC,3FTF9,PAN,Panama,8801802
636012261,FRIO OLYMPIC,A8EJ6,LBR,Liberia,8801802
440170000,OCEAN CHO,D7BO,KOR,South Korea,8906808
548541000,SEASONTRADER,DYDC,PHL,Philippines,9179402
373451000,ZEFYROS REEFER,3FPL2,PAN,Panama,8916748
373962000,ARACENA CARRIER,3FYV8,PAN,Panama,9179397
514957000,HAISUN158,XUCF6,KHM,Cambodia,9011911
374762000,LADY TUNA,3EQX2,PAN,Panama,9453418
412203740,TAI XIANG,BAPI,CHN,China,9005625
416567000,LIAN CHUAN SHENG NO.66,BEGE,TWN,Taiwan,7305722
416602000,SHUN TIAN FA NO.168,BZEJ,TWN,Taiwan,7323401
538002989,LAKE SUCCESS,V7NO8,MHL,Marshall Islands,8702630
576395000,YU HSIANG MARU,YJQE3,VUT,Vanuatu,9172909
441822000,KATAH,DSRG3,KOR,South Korea,9105360
529161000,HANYI2,T3PR,KIR,Kiribati,8024935
668052002,HENGXING1,9LY2623,SLE,Sierra Leone,8834421
567115000,FERNANDO,HSB2346,THA,Thailand,7116896
567231000,ASIAN MARINE REEFER,HSB2993,THA,Thailand,7637589
567817288,MISSOURI REEFER,HSB3203,THA,Thailand,7635878
576414009,TENHO MARU,YJQE5,VUT,Vanuatu,9128764
636018501,WATER PHOENIX,A8OE3,LBR,Liberia,9045168
636015542,LAGOON PHOENIX,A8OE4,LBR,Liberia,9047245
,GREENNOVA,,BHS,The Bahamas,9009669
,KRASKINO,,PAN,Panama,8906808
,LUNGYUIN,,PAN,Panama,9048603
,MAGELLANIC,,PAN,Panama,8814902
,NITAYAREEFER1,,HND,Honduras,6822553
,RYS,,RUS,Russia,8725694
354696000,MIG,HO3899,PAN,Panama,7302548
367545050,AKUTAN,WDG5284,USA,United States,5007510
677038700,HAITONGDA,5IM494,TZA,Tanzania,8426913
567005700,GRANDOCEANREEFER,HSDZ,THA,Thailand,6702715
636015529,IERAX,D5BH5,LBR,Liberia,
257237000,ROYKRISTIAN,LLKA,NOR,Norway,9237591
257715000,RONJA VIKING,LAKA,NOR,Norway,9364100
258571000,RONJA SUPERIOR,LALB,NOR,Norway,9421881
303643000,JENNIFER A,WDC9097,USA,United States,7937501
366688750,WESTWARD,WDC8769,USA,United States,7308322
366764080,CACHALOT,WB4937,USA,United States,7619771
367348340,HARMONY I,WDE4075,USA,United States,7917666
367656470,M & M,WDH8279,USA,United States,8852679
316007244,WESTERN COMMANDER,,CAN,Canada,
257659000,OYFJORD,LCYR,NOR,Norway,9646405
273814810,SELENITOVY,UFGP,RUS,Russia,7828712
412331177,LUWENYUANYUYUN888,BCFH,CHN,China,8785943
412420952,XINHAILENG6,BZV4S,CHN,China,8786791
412458510,JINCHENGXING7,BVEK,CHN,China,
431008347,DAISHIMARU11,JD4024,JPN,Japan,9782235
440116610,KWANGMYUNG111,DSF100,KOR,South Korea,8420957
548474200,DOLLY 767,DUL6372,PHL,Philippines,7824936
,EASTERNCOAST,,PHL,Philippines,8223983
636014564,AUXIS,3BSD,MUS,Mauritius,8819287
3530564,BAYPHOENIX,A8OE5,LBR,Liberia,9047271
636018500,BAY PHOENIX,A8OE5,LBR,Liberia,9047271
27331810,AFINA,UBIF5,RUS,Russia,8403363
374048000,SHIN HO CHUN NO. 101,3FRF9,PAN,Panama,9220653
412694950,FU YUAN YU F86,BZ1UR,CHN,China,8798419
341104000,FRIO VLADIVOSTOK,V4XE2,KNA,Saint Kitts and Nevis,9175274
341092000,AQUAMARINE,V4DO,KNA,Saint Kitts and Nevis,7719595
224434000,IZAR ARGIA,EHCB,ESP,Spain,8817801
355636000,PALOMA REEFER,HP7151,PAN,Panama,9309681
308735000,NOVA BRETAGNE,C6JI7,BHS,The Bahamas,9000364
357670000,SARONIC BREEZE,HOBH,PAN,Panama,9041540
636017251,SIERRA LAUREL,D5JZ8,LBR,Liberia,9163403
231792000,HARENGUS,OZ2168,FRO,Faroe Islands,8920983
311000709,SIERRA LEYRE,C6DL3,BHS,The Bahamas,9135822
636016700,GREEN GLACIER,D5HI8,LBR,Liberia,9004401
273151000,NADEZHDA,UBFZ,RUS,Russia,7809106
273210111,PAMYAT KIROVA,UFXA,RUS,Russia,8701040
273310759,GENNADIY VODOLAZSKIY,UHOU,RUS,Russia,9082180
371717000,HAI FENG 698,3FSJ2,PAN,Panama,8422711
273317370,MERCURY,UCGW,RUS,Russia,8216916
356986000,DESIGNER KNYSH,HPZK,PAN,Panama,9175286
273349567,PETR RIKORD,UBFG2,RUS,Russia,8609163
273350583,ARKADIJA,UBEJ2,RUS,Russia,9057393
273354620,MARINE STAR,UBFH2,RUS,Russia,8617770
273354770,CANARIAN REEFER,UBXI2,RUS,Russia,9081655
353585000,CANARIANREEFER,3FCC7,PAN,Panama,9081655
273356610,PROLIV LONGA,UBXG4,RUS,Russia,8136740
273358660,BUKHTA NATALII,UBNI6,RUS,Russia,7929786
273359933,TAVRIA,UBIH4,RUS,Russia,8826759
306511000,ANTILLA,PJJI,CUW,Cura ao,8812801
273385151,URGULL,UBZN7,RUS,Russia,8810190
440220000,ORION NO.1,D7NA,KOR,South Korea,8520496
636015529,PRINCE OF SOUNDS,A8OE6,LBR,Liberia,9053957
273395490,CRYSTAL ANTARCTIDA,UDWU,RUS,Russia,9073268
273397490,RETRIEVER,UBXG,RUS,Russia,9109500
354604000,FINO,3FTS4,PAN,Panama,9109500
273420160,LYRA,UBOR,RUS,Russia,7826154
273425770,KAPITAN SHCHERBAKOV,UBFQ,RUS,Russia,8422931
273430160,RUSTICA,UHCL,RUS,Russia,8520563
273440892,KATRAN,UERV,RUS,Russia,8727343
273441678,JUPITER,UDOW,RUS,Russia,7700116
273442580,ZARYA,UFCR,RUS,Russia,9012214
273816010,BEREG MECHTY,UIIC,RUS,Russia,8225711
273817020,ICEBERG,UBRG,RUS,Russia,8521804
273833000,DORIDA,UIEI,RUS,Russia,8623925
273895511,DRUZHBA,UHSV,RUS,Russia,8730089
529523000,SEA GLORY,T3DS2,KIR,Kiribati,9009695
277397000,CASSIOPEA,LYTA,LTU,Lithuania,9047269
306497000,NOVA ZEELANDIA,PJHA,CUW,Cura ao,8514784
370190000,SEA PEARL I,H8MF,PAN,Panama,9008639
312022000,FRIOCONFIDANZE,V3QW5,BLZ,Belize,7713242
312219000,REINA,V3ET2,BLZ,Belize,8202226
312273000,HAI FENG 678,V3PI,BLZ,Belize,9016961
312377000,OCEAN MARINER,V3LJ,BLZ,Belize,8217104
529844000,ZHONGZHOU1,T3TB2,KIR,Kiribati,9044358
376311000,APUS,J8UC8,VCT,Saint Vincent and the Grenadines,8604606
312844000,GLOBAL MARINER,V3KG3,BLZ,Belize,8813582
518332000,TOKACHIFROST,E5U2582,COK,Cook Islands,8503242
334567000,CHAINAVEEREEFER,HQXO6,HND,Honduras,7637591
567486000,KGOLDENSEA,HSB4828,THA,Thailand,7811501
529567000,YUN RUN,T3FN2,KIR,Kiribati,9003756
352533000,VIVA 106,3EGN7,PAN,Panama,8122385
354469000,HAI FENG 658,3EHB6,PAN,Panama,8710209
355199000,SALGIR,3FYM4,PAN,Panama,9142289
356126000,NORT,9LC2196,SLE,Sierra Leone,8138724
667006103,NORT,9LC2196,SLE,Sierra Leone,8138724
548003500,BERNADETTE MARIE,4DET2,PHL,Philippines,8500446
514266000,MINGFENG,XUDF5,KHM,Cambodia,8214827
357772000,ALCANTARACARRIER,3EUJ3,PAN,Panama,8609979
357788000,VICTORIA NO. 168,3FTI9,PAN,Panama,8808252
370866000,SEIWA,3FDT5,PAN,Panama,9021277
542156110,MINTAILENG,E6CH2,NIU,Niue,8627309
538002996,POHAH1,V7NP8,MHL,Marshall Islands,8714944
529086000,SHIN HO CHUN 102,T3LN,KIR,Kiribati,9262182
576397000,KAIHO MARU,YJQE4,VUT,Vanuatu,8909680
664090000,KAIHO MARU,S7OJ,SYC,Seychelles,8909680
514740000,HAIFENG66,XUEC2,KHM,Cambodia,7809390
515175000,NADIZ,XUFB6,KHM,Cambodia,9101871
515717000,RUI HANG,XUFX9,KHM,Cambodia,8426975
548308200,PRIMROSE 888,DUOZ2,PHL,Philippines,7046845
567006700,SILVERSEA3,HSB2233,THA,Thailand,7006376
567006701,SILVERSEA3,HSB2233,THA,Thailand,7006376
567175000,SILVER SEA 1,HSB2700,THA,Thailand,7727102
567183000,SILVER SEA 2,HSB2719,THA,Thailand,7727097
636017108,CHIKUMA,D5JI4,LBR,Liberia,9666493
636013649,HUMBOLDT BAY,A8OL4,LBR,Liberia,8907888
636015541,WATER PHOENIX,A8OE3,LBR,Liberia,9045168
,FRIOCANARIAS,,RUS,Russia,8502432
,SAPPORO,,KIR,Kiribati,8513039
,SILVERSTATT,,NOR,Norway,8911487
,TAI SHENG,,CHN,China,8310267
273299100,ANGRAPA,UARV,RUS,Russia,8721832
367402920,OCEAN MAID,WDE8215,USA,United States,7307550
677018800,WEN MING,5IM288,TZA,Tanzania,9216884
677018800,LETFALLAH III,5IM288,TZA,Tanzania,7522203
412441730,HAIFENG101,,CHN,China,
,LIAO CHANG LENG 5,,CHN,China,8956906
258672000,RONJA POLARIS,LDHS,NOR,Norway,9657765
258871000,RONJA HUON,LGRR3,NOR,Norway,9682540
412000000,HONGFENGHAO1,BVSP7,CHN,China,9756573
412453002,FU YUAN YU F32,BVCY7,CHN,China,8410433
367040180,GANDIL,WDC5380,USA,United States,8034667
367098190,ENTRANCE POINT,WDC9146,USA,United States,8851699
367137170,KATRINA EM,WTK2245,USA,United States,7908213
273398570,POMOR,UBWO2,RUS,Russia,8860468
257349500,HORISONT III,JXDJ,NOR,Norway,8612770
725000971,FAEROY,CA4049,CHL,Chile,9201891
1193046,AUXIS,3BSD,MUS,Mauritius,8819287
1193046,MONTECRUZ,3FUH5,PAN,Panama,7710276
273313950,SIRIUS,UHVP,RUS,Russia,7700099
273331810,AFINA,UBIF5,RUS,Russia,8403363
214182402,SHINGLE,ERXB,MDA,Moldova,8036079
224124000,SALICA FRIGO,EBTL,ESP,Spain,9238703
354034000,PALOMA REEFER,HO2430,PAN,Panama,9309681
311000433,SILVER PEARL,C6CC5,BHS,The Bahamas,8400050
244542000,HOLLAND KLIPPER,PESF,NLD,Netherlands,8810786
376098000,ELECTRA,J8B4888,VCT,Saint Vincent and the Grenadines,8404238
249842000,NOVA CALEDONIA,9HIH5,MLT,Malta,8518807
311043900,GREENCONCORDIA,C6YS7,BHS,The Bahamas,9011038
272727000,POLUS1,UUAY6,UKR,Ukraine,8727018
273191300,OBAYATELNYY,UDQY,RUS,Russia,8724377
273211110,PAMYAT ILICHA,UFYW,RUS,Russia,8811675
273219900,ARCTIC PRINCESS,UHTA,RUS,Russia,7604403
273310720,GENNADIY VODOLAZSKIY,UHOU,RUS,Russia,9082180
273313270,SIMFONIYA,UFEF,RUS,Russia,8516627
273316080,OLA,UBKE9,RUS,Russia,7920326
273330299,POLTAVA,UEEJ,RUS,Russia,9175286
273335960,FRIO AGATES,UGKH,RUS,Russia,9081631
273351900,AMEGA,UBLG2,RUS,Russia,8502793
273352570,PYOTR ILICHYOV,UCMP,RUS,Russia,9082178
352966000,FRIO LAS PALMAS,3FJQ3,PAN,Panama,9082178
273354751,SARONIC BREEZE,UBYH9,RUS,Russia,9081643
273355540,VOSTOK REEFER,UBYH6,RUS,Russia,8403961
273359935,TAVRIA,UBIH4,RUS,Russia,8826759
273382550,PACIFICA,UIIA,RUS,Russia,8812801
356567000,SHANGHAI REEFER,HPXZ,PAN,Panama,9010785
341307004,NOVIY SVET,V4OQ2,KNA,Saint Kitts and Nevis,8509557
273420240,KOMMUNARY NIKOLAYEVA,UERA,RUS,Russia,8729183
273428710,KAPITAN KANTSIBER,UESK,RUS,Russia,8623559
273440893,KATRAN,UERV,RUS,Russia,8727343
273441694,JUPITER,UDOW,RUS,Russia,7700116
273449080,SORAKSAN,UAYO,RUS,Russia,8723361
273457850,PREGOLSKIY,UDLH,RUS,Russia,8724341
273459400,TAMARA,UAJV,RUS,Russia,8880523
273512445,TAMBOV,UIMH,RUS,Russia,8225723
273512447,TAMBOV,UIMH,RUS,Russia,8225723
273817200,EVGENIY ZOTOV,UDDF,RUS,Russia,9076595
273844510,MAYAK,UDIN,RUS,Russia,8860119
273872100,RUBINOVYY,UDSD,RUS,Russia,8725826
277312000,ANDROMEDA,LYRJ,LTU,Lithuania,8806242
374198000,HAI FENG 718,3FIC4,PAN,Panama,9135169
306752000,NOVA FLORIDA,PJUP,CUW,Cura ao,8813635
309281000,GREEN ITALIA,C6WH9,BHS,The Bahamas,9045780
309361000,GREEN EXPLORER,C6VZ4,BHS,The Bahamas,8922242
577324000,SEA PEARL I,H8MF,PAN,Panama,9008639
311034800,GREEN AUSTEVOLL,C6YS6,BHS,The Bahamas,8819299
311042400,GREEN MALOY,C6YQ9,BHS,The Bahamas,8804579
888888888,FRIOCONFIDANZE,V3QW5,BLZ,Belize,7713242
341353000,SPRING BAY,V4ZK2,KNA,Saint Kitts and Nevis,8604606
620149000,FRIO SEVEN,D6A2149,COM,Comoros,8215936
314233000,BOSSE,8PTO,BRB,Barbados,8312655
636017752,WEI SHUN,D5MO2,LBR,Liberia,8312655
341537000,BEAM,V4BH3,KNA,Saint Kitts and Nevis,8408258
529620000,PUNTORUSSO,T3HT2,KIR,Kiribati,8612304
351822000,TAI FU NO. 3,H3AI,PAN,Panama,7927453
577314000,SEA TRADER,YJUM3,VUT,Vanuatu,8919893
352515000,FRIO PACIFIC,HOAL,PAN,Panama,8324244
353242000,OSTROV BERINGA,3FHP2,PAN,Panama,8517815
354570000,REFSTAR,3FKX4,PAN,Panama,8415550
354716000,HAI FENG 648,3EHA6,PAN,Panama,8710132
355643000,SEA MARK,3FUJ9,PAN,Panama,8317423
577102000,HARU,YJSU3,VUT,Vanuatu,9241932
356616000,DHARA,3EQZ7,PAN,Panama,8904941
440686000,DHARA,D7WB,KOR,South Korea,8904941
357735000,FRIO MOGAMI,3FSC9,PAN,Panama,9184548
370115000,NESTOS REEFER,3EAJ9,PAN,Panama,9045156
371542000,NO.1 POHAH,3FSS6,PAN,Panama,8714944
412322340,TAI XING,BCIO,CHN,China,8210273
577082000,TALOFA,YJRZ7,VUT,Vanuatu,8223311
667003336,FONGKUO807,9LY2533,SLE,Sierra Leone,9065534
372910000,HAI FENG 638,3EVC7,PAN,Panama,8613920
374478000,FRIO ANTARTIC,3FAR4,PAN,Panama,8807466
441834000,IRIS,DSRH3,KOR,South Korea,8513039
374723000,YUN RUN 3,HOAZ,PAN,Panama,9161613
529650000,HAO XIANG,T3JZ2,KIR,Kiribati,7812062
412660240,HAI FENG 823,BKUG,CHN,China,8863496
412946000,KAI YUAN,BIUA,CHN,China,8317409
416521000,YONG MAN SHUN,BZCO,TWN,Taiwan,
431263000,GOUTA MARU,7JUZ,JPN,Japan,9746827
636017396,TAIHO MARU,D5KS2,LBR,Liberia,9459591
636013976,DAMACOFRANCIA,A8QO5,LBR,Liberia,8813623
440101000,MONONOK,DSRO8,KOR,South Korea,8911607
538002899,PHAROSTAR,V7MT7,MHL,Marshall Islands,9087910
576507000,OCEANUS,YJQH9,VUT,Vanuatu,9194919
514211000,HAI CHI 3,XUDU6,KHM,Cambodia,8649151
667401500,HAIFENG66,XUEC2,KHM,Cambodia,7809390
515557000,HENGXING1,XUPA8,KHM,Cambodia,8834421
530149576,HUA JIAN 1,T3MD,KIR,Kiribati,7908732
567008300,BLACKPEARL,HSB2163,THA,Thailand,6601636
567175000,CELTIC ICE,HSB2700,THA,Thailand,7727102
567188000,SERENE REEFER,HSB2752,THA,Thailand,7508336
567196000,SIRICHAI REEFER,HSB2797,THA,Thailand,8211837
567266000,NEW STREAM,HSB3066,THA,Thailand,7637565
576414000,TENHO MARU,YJQE5,VUT,Vanuatu,9128764
636091461,WATER PHOENIX,A8OE3,LBR,Liberia,9045168
636092422,WATER PHOENIX,A8OE3,LBR,Liberia,9045168
636018499,LAGOON PHOENIX,A8OE4,LBR,Liberia,9047245
431003873,KAIKOMARU NO.85,JD3401,JPN,Japan,
,TAMAHOPE,,BHS,The Bahamas,8517346
,URUGUAYSTAR,,LBR,Liberia,9017264
273829220,TAIROVO,UFPR,RUS,Russia,8228490
515344000,LIAO CHANG LENG 3,XUBR6,CHN,China,8863630
258109000,RONJA SKYE,LAGU,NOR,Norway,9245926
316001828,RONJA CARRIER,CFK9573,CAN,Canada,9282845
412766030,ZHE LENG 7,BKAE5,CHN,China,9025649
367486040,NUSHAGAK SPIRIT,WDF7589,USA,United States,
273382270,BLUETRANS,UBAO2,RUS,Russia,9220835
273382271,BLUETRANS,UBAO2,RUS,Russia,9220835
257797000,DOENNLAND,LCUL,NOR,Norway,9632569
258161000,SEIVAAG,LHDO,NOR,Norway,7712913
412440033,FUYUANYUF53,BMWA,CHN,China,
431149000,SUMIHO MARU NO.68,JL5832,JPN,Japan,9015292
431146000,HUKU MARU NO.78,JL6537,JPN,Japan,
412331493,LURONGYUANYUYUN899,,CHN,China,
,SUWA MARU NO.22,,JPN,Japan,8809268
645376000,AUXIS,3BSD,MUS,Mauritius,8819287
37404800,SHIN HO CHUN NO. 101,3FRF9,PAN,Panama,9220653
356673000,SARONIC BAY,H3PP,PAN,Panama,9175274
214182223,AQUAMARINE,ERVW,MDA,Moldova,7719595
636092399,POLARSTREAM,D5BR6,LBR,Liberia,9189885
273332299,BUKHTA RUSSKAYA,UFLQ,RUS,Russia,9076272
636011904,CAPE BLOSSOM,A8CC2,LBR,Liberia,9035072
229644000,SARONICBREEZE,9HA3479,MLT,Malta,9041540
229705000,SIERRALAUREL,9HA3533,MLT,Malta,9163403
273211135,PAMYAT ILICHA,UFYW,RUS,Russia,8811675
273251100,PETROGRADSKIY,UFXL,RUS,Russia,8723347
273257000,SMOLNINSKIY,UBVW,RUS,Russia,8847131
273311330,KOMBRIG MALCHENKO,UELF,RUS,Russia,9101857
273317810,CANOPUS,UCTB,RUS,Russia,7700087
273330300,POLTAVA,UEEJ,RUS,Russia,9175286
273330303,POLTAVA,UEEJ,RUS,Russia,9175286
273350580,ARKADIJA,UBEJ2,RUS,Russia,9057393
273352571,PYOTR ILICHYOV,UCMP,RUS,Russia,9082178
357889000,WASHINGTON,HOZO,PAN,Panama,8710352
371223000,FAST,3EBT2,PAN,Panama,8404575
351747000,ASIANORCHID,3FSS8,PAN,Panama,9196357
273385142,URGULL,UBZN7,RUS,Russia,8810190
273385180,URGULL,UBZN7,RUS,Russia,8810190
636091464,PRINCE OF SOUNDS,A8OE6,LBR,Liberia,9053957
529623000,RETRIEVER,T3HW2,KIR,Kiribati,9109500
273440860,KATRAN,UERV,RUS,Russia,8727343
273811020,KAPITAN PRYAKHA,UIWB,RUS,Russia,8834483
273814050,OZERSK,UHWR,RUS,Russia,8226973
273815020,NEREY,UIUS,RUS,Russia,8723373
273895519,DRUZHBA,UHSV,RUS,Russia,8730089
273896310,VYSOKOGORNYY,UGQF,RUS,Russia,8328771
277247000,MARSAS,LYOT,LTU,Lithuania,8818893
277327000,LIBRA,LYRT,LTU,Lithuania,9009683
372538000,HUAN YU 1,3EKK9,PAN,Panama,8618865
277380000,CAPELLA,LYSG,LTU,Lithuania,9047257
311004000,GREEN MAVERIC,C6VY2,BHS,The Bahamas,9043055
311029000,GREEN MAGNIFIC,C6VY3,BHS,The Bahamas,9011492
311042300,GREENTOLEDO,C6YQ8,BHS,The Bahamas,9015785
636016916,GREEN TOLEDO,D5IJ6,LBR,Liberia,9015785
311461000,GREEN MAGIC,C6VY5,BHS,The Bahamas,8822583
371718984,DAFENG MARINER,3FIO6,PAN,Panama,8319031
312932000,JIN MAO,V3HX3,BLZ,Belize,7927037
441949000,GREEN CAPE,DSMA5,KOR,South Korea,8800224
351493000,VAGRAND,HP7289,PAN,Panama,8210338
577089000,BADARO,YJSC3,VUT,Vanuatu,9163439
354461000,XING YUN,3FVB3,PAN,Panama,8203816
533000333,KHA YANG 333,9MTU3,MYS,Malaysia,7920728
353306000,FRIO CHIKUMA,3FWG8,PAN,Panama,9184536
353981000,FRIO HELLENIC,3FVQ8,PAN,Panama,9081679
354036000,PLATTE REEFER,3FUT6,PAN,Panama,7812098
371727000,RYOMA,3ELZ5,PAN,Panama,9133305
354493000,MABAH,3FSC4,PAN,Panama,9105358
356134000,LIAN RUN,3EJR7,PAN,Panama,7624271
355317000,ORIENTAL CHILAN,3FHF5,PAN,Panama,8301723
355513000,YUNG DA FA 108,3EAX9,PAN,Panama,9016076
567451000,SEAVICAREMAR,HSB4649,THA,Thailand,6908993
356386000,SUAH,HOZZ,PAN,Panama,9000376
356591000,WIN SHENG,3FWH6,PAN,Panama,7810571
356609000,FRIO LAS PALMAS,3EBI9,PAN,Panama,8908193
356878000,ATLANTIC HOPE,3FOZ2,PAN,Panama,8318659
356889000,ANGARA,3FVD,PAN,Panama,9136890
357497000,TAI JI,3FYZ6,PAN,Panama,8804244
357805000,SKYFROST,3FTR9,PAN,Panama,8521830
370599000,IBUKI,3ELC8,PAN,Panama,9666481
529132000,YUNG DA FA 101,T3NL,KIR,Kiribati,8508840
371335000,HAI FENG 628,3FEO6,PAN,Panama,8317356
431201000,TAISEI MARU NO.15,7JTK,JPN,Japan,8710728
372886000,CHANG SHUN 1,3EKZ8,PAN,Panama,8976841
373246000,LUCENA CARRIER,3FXS9,PAN,Panama,9179402
576705384,ZEFYROS,YJQK7,VUT,Vanuatu,8916748
576688000,FRIO DOLPHIN,YJQK2,VUT,Vanuatu,8807442
529607000,HAN XING,T3HE2,KIR,Kiribati,9586332
667003111,HAN XING,T3HE2,KIR,Kiribati,9586332
667003111,HANXING,9LY2308,SLE,Sierra Leone,9586332
514298000,MINGHANG8,XUJF6,KHM,Cambodia,8224432
515183000,YONGXIANG8,XUCX2,KHM,Cambodia,8609280
374849000,HAO XIANG,3EGU9,PAN,Panama,7812062
529650006,HAO XIANG,T3JZ2,KIR,Kiribati,7812062
412421049,NING TAI LENG 7,BZW6E,CHN,China,9821134
416001900,YUAN TAI NO.806,BZIR,TWN,Taiwan,7900663
416308000,CHEN YU NO.7,BZLY,TWN,Taiwan,7930175
416110700,,BI2039,TWN,Taiwan,7121956
440097000,SEIN SKY,DSRO7,KOR,South Korea,8813623
440113000,PHAROSTAR,D7PK,KOR,South Korea,9087910
440664000,SL BOGO,DSOZ2,KOR,South Korea,8815009
567176000,SEVEN SEAS,HSB2703,THA,Thailand,8210936
457689000,KESHAN,JVZR4,MNG,Mongolia,7905039
457716000,HENGSHENGCHANG1,JVAQ9,MNG,Mongolia,8024935
525010170,SUMBERSUKSESUTAMA,PNOP,IDN,Indonesia,7905027
529608000,PING DA 7,T3HF2,KIR,Kiribati,9441960
529781000,ZHONGXIANG,T3QL2,KIR,Kiribati,8814299
576732000,SHOTA MARU,YJQP4,VUT,Vanuatu,9194892
577132000,CHIKUMA,YJTE5,VUT,Vanuatu,9666493
636092421,LAGOON PHOENIX,A8OE4,LBR,Liberia,9047245
636091096,PRINCE OF WAVES,A8JI3,LBR,Liberia,9066485
,BELLATRIX,,PAN,Panama,8403961
,SEAPEARL,,KIR,Kiribati,9008639
,SUPERIORREEFER,,THA,Thailand,7811513
,ZHOUYULENG7,,CHN,China,8887985
309681,GREENBRAZIL,C6WH6,BHS,The Bahamas,9045792
353828000,HAI YING,3EHM8,PAN,Panama,8319598
367108640,BARWELL,WBK3226,USA,United States,7051668
367492890,ISLAND TRADER,WDF8244,USA,United States,
377906047,BARANA,J8PV5,VCT,Saint Vincent and the Grenadines,8707159
416730000,LIAN JYI HSING,BI2037,TWN,Taiwan,7234210
567007200,REDPEARL,HSB2191,THA,Thailand,6904208
258118000,RONJA COMMANDER,LAGR,NOR,Norway,9276183
258990000,RONJA ATLANTIC,LGVA,NOR,Norway,9451563
412206010,RENCHENG1,BALC,CHN,China,9374375
366721880,DILIGENCE,WDD7916,USA,United States,
366971230,HALLO BAY,WBM7130,USA,United States,
367451510,ROEDDA,WDF4404,USA,United States,
367561070,STEELHEAD,WDG6826,USA,United States,7940211
367442240,LINDA B,WDF4466,USA,United States,
259555000,FAEROY,LJPL,NOR,Norway,9201891
273891210,PROLIV YEKATERINY,UGMG,RUS,Russia,8724444
412440253,FUYUANYULENG16,BZU4K,CHN,China,
412458512,JINCHENGXING7,BVEK,CHN,China,
431401161,KAIKO MARU NO.33,JE3026,JPN,Japan,
354666000,FRIO AEGEAN,3FGY4,PAN,Panama,9076260
341759000,FRIO PETROPAVLOVSK,V4RV2,KNA,Saint Kitts and Nevis,9076258
352864000,FRIO ANTARCTIC,3FZS3,PAN,Panama,9076258
312534000,OKAPIMARTA,V3ZR6,BLZ,Belize,7816472
229359000,PALOMAREEFER,9HA3266,MLT,Malta,9309681
229360000,PRINCESAGUASIMARA,9HA3267,MLT,Malta,9442237
371812000,FRIO POSEIDON,3EHL5,PAN,Panama,8807662
371156000,SARONIC BREEZE,H9PE,PAN,Panama,9041540
244542000,SIERRA KING,PESF,NLD,Netherlands,8810786
244790145,COOL EXPRESO,PDKK,NLD,Netherlands,9085479
258963000,GREENCONCORDIA,LASW7,NOR,Norway,9011038
273148810,BELOMORYE,UIVG,RUS,Russia,7808334
273311610,FROST OLYMPOS,UBYV,RUS,Russia,7812024
273313471,ANATOLIY LARIN,UBHE3,RUS,Russia,8516641
273324210,ARCTIC,UFOR,RUS,Russia,8223464
353709000,ARCTIC,3FXC8,PAN,Panama,8223464
273339110,ZALIV RADUGA,UBDF6,RUS,Russia,8216904
273354210,ZALIV RADUGA,UBDF6,RUS,Russia,8216904
273354740,SARONIC BREEZE,UBYH9,RUS,Russia,9081643
576626000,HATSUKARI,YJQL2,VUT,Vanuatu,9054858
667006043,FRIOSEVASTOPOLIS,9LC2136,SLE,Sierra Leone,8860432
992724428,TAVRIA,UBIH4,RUS,Russia,8826759
341307003,NOVIY SVET,V4OQ2,KNA,Saint Kitts and Nevis,8509557
273385136,URGULL,UBZN7,RUS,Russia,8810190
273385170,TIGR 2,UBFP9,RUS,Russia,9061198
354811000,TAGANROGSKIYZALIV,3FAZ9,PAN,Panama,9016973
273389770,ORION-1,UCET,RUS,Russia,8520496
273417300,KAM STAR,UBIF,RUS,Russia,8220096
314099000,ATLANTICLADY,V4JY2,KNA,Saint Kitts and Nevis,8500630
273421240,ANTON GURIN,UERJ,RUS,Russia,8723402
273441670,JUPITER,UDOW,RUS,Russia,7700116
273441726,JUPITER,UDOW,RUS,Russia,7700116
273512400,TAMBOV,UIMH,RUS,Russia,8225723
273825200,PREDSEDATEL GANSLEP,UIVX,RUS,Russia,8834689
273825855,LUCHISTYY,UHTH,RUS,Russia,8035087
273844700,KAPITANSTEKOLSCHIKOV,UHWT,RUS,Russia,8884256
273892210,GEROI SIVASHA,UHUV,RUS,Russia,8038170
312174000,RANGIROA,V3SY5,BLZ,Belize,8210259
374610000,HAI FENG 678,3FCO5,PAN,Panama,9016961
510182000,QIANYUAN,V6LF,FSM,Federated States of Micronesia,8819691
351527000,OCEAN MARINER,H8IL,PAN,Panama,8217104
636017561,ZHONG ZHOU 1,D5LO2,LBR,Liberia,9044358
354062000,HAI FENG 668,3EIN8,PAN,Panama,8800236
671608000,DO WON,5VDJ9,TGO,Togo,7927037
319245000,ICE RANGER,ZCMO6,CYM,Cayman Islands,8311132
353799000,BLISSFULREEFER,HQXO8,HND,Honduras,5296795
577310000,KAIMON,YJUK3,VUT,Vanuatu,9172442
538002995,KHANA,V7NP7,MHL,Marshall Islands,8810645
440222000,LAKE CASTLE,D7NB,KOR,South Korea,9004657
636012747,CHILESTAR,A8HP4,LBR,Liberia,9017276
354569000,REF VEGA,3FKW4,PAN,Panama,8422709
355665576,DA PING 1,H8TO,PAN,Panama,8011029
374083000,PS REEFER,3FRQ5,PAN,Panama,8221947
529558000,NAFTILOS,T3FD2,KIR,Kiribati,8503723
355295000,FARO,H3LU,PAN,Panama,9174701
567492000,MARINE1,HSB4886,THA,Thailand,7721067
356962000,URUGUAY REEFER,3FNJ,PAN,Panama,9017264
357058000,NO.2 POHAH,3FWC9,PAN,Panama,9227601
357642000,FRIO SPAIN,HOYR,PAN,Panama,8303903
577315000,SEIN GRACE,YJUM8,VUT,Vanuatu,8609979
529606000,MIN TAI LENG,T3HD2,KIR,Kiribati,8627309
577169000,TAISEI MARU 15,YJTJ8,VUT,Vanuatu,8710728
529605000,XIN RUI,T3HC2,KIR,Kiribati,9065534
372210000,SEA STAR V,3EYI5,PAN,Panama,8914221
372594000,EURO STAR,3EJQ3,PAN,Panama,8319055
374140000,SHIN HO CHUN NO. 102,3FEQ5,PAN,Panama,9262182
374317000,TAI FU NO. 1,3ECZ6,PAN,Panama,7908976
529087000,LAKE HILL,T3LP,KIR,Kiribati,8028955
576107000,LADY TUNA,YJQS6,VUT,Vanuatu,9453418
377762000,BALTICSTAR,J8B4371,VCT,Saint Vincent and the Grenadines,7726706
416696000,FU JYI,BZKU,TWN,Taiwan,6811932
416778000,WIN SHUEN SHING,BECS,TWN,Taiwan,7332713
440116000,SALTLAKE,D7MG,KOR,South Korea,8603121
440283000,SEIYU,D8DK,KOR,South Korea,9172909
441032000,SEI SHIN,DSOP5,KOR,South Korea,8808161
441720000,LAKE WIN,DSQW2,KOR,South Korea,9020780
455302000,VILADHAURU,8QFP,MDV,Maldives,8211045
576274000,NEW SATSUKI,YJVZ8,VUT,Vanuatu,8920024
563418000,CHITOSE,9V6110,SGP,Singapore,9666508
567255000,M.V. S.LEELAWADEE,HSB3070,THA,Thailand,7637539
567293000,MISSOURI REEFER,HSB3203,THA,Thailand,7635878
567476000,SEAVICREEFER,HSB4761,THA,Thailand,7724186
616757000,DELTAREEFER,D6EW9,COM,Comoros,7912408
312097000,ALASKA,V3JL2,BLZ,Belize,
,FONGQUN,,PAN,Panama,7920728
,HAN YI,,KIR,Kiribati,9441960
,HENGYU,,BLZ,Belize,8908739
,NEWHAYATSUKI,,PAN,Panama,9003756
,SEAVIC REEFER,,PAN,Panama,7724186
,ZHOUYULENG8,,CHN,China,8887997
312003000,TIAN XING,V3PG2,CHN,China,8731930
671918000,QIAN YUAN,5VEZ8,CHN,China,8819691
259433000,RONJA PIONEER,LAGT,NOR,Norway,9345520
338132058,F/V PAVLOF,WBP5804,USA,United States,
366841470,CHAMAI,WDD5880,USA,United States,
366971260,CAPE CALM,WBM7124,USA,United States,7939523
367139360,TOTEM,WBC4008,USA,United States,
367392530,LAST FRONTIER,WDE7375,USA,United States,8855205
515924000,DART,XUKP3,KHM,Cambodia,8421274
412331049,LURONGYUANYUYUN1,BZSU,CHN,China,8786478
412440007,MIN XIA YU 1458,BVBR7,CHN,China,8426951
412440364,FUYUANYUYUN87,BVMO5,CHN,China,
431700203,NITTOMARU33,JD2449,JPN,Japan,8821345
440906000,TAELIM JASMINE,DSPF5,KOR,South Korea,8708191
663037000,BOROM DARADJI,6WIY,SEN,Senegal,7021209
800668688,HAIFENG9,BCLN5,UNK,,
,SEISHO MARU NO.38,,JPN,Japan,9032355
,YASNOMORSKIY,,RUS,Russia,8136817
636015543,BAY PHOENIX,A8OE5,LBR,Liberia,9047271
212373000,FORLINE1,P3HQ8,CYP,Cyprus,8216722
306073000,SIERRAMODOC,PJHG,CUW,Cura ao,9076246
273332306,BUKHTA RUSSKAYA,UFLQ,RUS,Russia,9076272
273332339,BUKHTA RUSSKAYA,UFLQ,RUS,Russia,9076272
229463000,NOVABRETAGNE,9HA3352,MLT,Malta,9000364
273378130,ANDROMEDA,UBQM4,RUS,Russia,9000364
356728000,FRIOKYKNOS,3ETB8,MLT,Malta,9035072
229575000,SIERRA LARA,9HA3420,MLT,Malta,9120205
311000682,SIERRA LARA,C6DI3,BHS,The Bahamas,9120205
441923000,SEIN STAR,DSRN5,KOR,South Korea,8319029
273195200,KRYMSKIY,UDRA,RUS,Russia,8423583
273210110,PAMYAT KIROVA,UFXA,RUS,Russia,8701040
273310240,APOLLO FLYER,UIWS,RUS,Russia,8303927
666000001,ORION,UBYQ,RUS,Russia,7920546
273313470,ANATOLIY LARIN,UBHE3,RUS,Russia,8516641
273330285,POLTAVA,UEEJ,RUS,Russia,9175286
273339230,OS REEFER,UBVF7,RUS,Russia,7825631
273358410,BUKHTA ASACHA,UHJK,RUS,Russia,8210247
273358980,CAPTAINMOKEEV,UBMJ3,RUS,Russia,9081667
273384930,VYSOTSK,UAPA,RUS,Russia,9196357
273387370,ZOLOTOY ROG,UAXZ,RUS,Russia,9016973
636014471,TAGANROGSKIY ZALIV,A8UC4,LBR,Liberia,9016973
273410910,LIMANSKIY,UGFF,RUS,Russia,8423612
273421470,PROFESSOR MEGRABOV,UFOC,RUS,Russia,7723065
273440894,KATRAN,UERV,RUS,Russia,8727343
273441711,JUPITER,UDOW,RUS,Russia,7700116
273449788,PLUTONAS,UERU,RUS,Russia,7808322
373039000,HAI FENG 688,3FDH6,PAN,Panama,9016985
273818000,DIONA,UCBY,RUS,Russia,9125920
273819710,SUBARU,UEKN,RUS,Russia,8810310
273824020,NIKOLAY KASATKIN,UEFY,RUS,Russia,8857796
273829410,SAKHRYBA,UEKI,RUS,Russia,8842997
273873500,OSTROV IONY,UGCW,RUS,Russia,8847052
273879400,AMURSKIY LIMAN,UGCT,RUS,Russia,8858568
273895551,DRUZHBA,UHSV,RUS,Russia,8730089
277099000,ARGO,LYKM,LTU,Lithuania,8506737
306872000,SIERRA LOBA,PJYS,CUW,Cura ao,9120217
440014000,LAKE NOVA,D7AL,KOR,South Korea,9009669
325753000,OCEAN STAR 96,J7DE4,DMA,Dominica,8517358
352610000,MARBELLA CARRIER,3FJE9,PAN,Panama,9063653
309689000,GREEN COSTA RICA,C6WB3,BHS,The Bahamas,8912120
311009400,GREEN KARMOY,C6XH2,BHS,The Bahamas,8804531
311011400,GREEN COOLER,C6XJ4,BHS,The Bahamas,8804543
341384000,REINA,V4TY2,KNA,Saint Kitts and Nevis,8202226
374014000,PONTOS,HONN,PAN,Panama,8908739
312845000,TOKACHI FROST,V3RS6,BLZ,Belize,8503242
312887000,HAI FENG 668,V3OL8,BLZ,Belize,8800236
529764000,WEI SHUN,T3PT2,KIR,Kiribati,8312655
319235000,ICERUNNER,ZCMO7,CYM,Cayman Islands,8311120
325447000,NORCAPE,J7BP8,DMA,Dominica,8800224
351795000,BELITA,3EZJ8,PAN,Panama,8608597
334640000,BLISSFULREEFER,HQXO8,HND,Honduras,5296795
353799000,BLISSFULREEFER,HP5007,PAN,Panama,5296795
352739000,HAIFENG898,3ENU6,PAN,Panama,8420751
514666000,BEAM,XUGH2,KHM,Cambodia,8408258
351336000,FRIO NAGATO,H3QQ,PAN,Panama,9227596
351370000,DONA LIBRA,3FPF3,PAN,Panama,8612304
576139000,TUNA PRINCESS,YJQT4,VUT,Vanuatu,9314612
352247000,FONG KUO NO. 818,3EPS8,PAN,Panama,8904070
352784000,FRIO ANTWERP,3FVX3,PAN,Panama,9078282
576711000,FRIO ATHENS,YJQN2,VUT,Vanuatu,8710340
374446000,HARU,3EHZ8,PAN,Panama,9241932
355894000,MONTESOL,3FRZ5,PAN,Panama,7721067
356386002,SUAH,HOZZ,PAN,Panama,9000376
356616000,SAMPAQUITA,3EQZ7,PAN,Panama,8904941
357020000,TIARA 108,3FQH9,PAN,Panama,8420763
454215600,MIN TAI LENG,T3HD2,KIR,Kiribati,8627309
371790000,KAI DE,H3XA,PAN,Panama,8421286
374290000,MING HANG 8,HPNW,PAN,Panama,8224432
529096000,TAI FU NO.1,T3LY,KIR,Kiribati,7908976
374831000,ISLAND REEFER,HOFG,PAN,Panama,8312461
412202350,TAI YU,BAIL,CHN,China,8810657
577077000,TAIHO MARU,YJRZ2,VUT,Vanuatu,9459591
440523000,LAKE GLORY,DSOC6,KOR,South Korea,8204597
441759000,SEIN SUN,DSQY9,KOR,South Korea,8415859
520093696,WANJINHAI9918,T3PR,FJI,Fiji,8024935
636017556,ZHONG XIANG,D5LN5,LBR,Liberia,8814299
567046600,ASIAN MARINE REEFER 2,HSBX,THA,Thailand,7804900
567391000,PATSORN,HSB4501,THA,Thailand,7713230
636017359,SHOTA MARU,D5KN7,LBR,Liberia,9194892
627093246,VOLTAVICT,9GRG,GHA,Ghana,9140102
,SUTTIREEFER,,HND,Honduras,7713228
,ZHOUYULENG3,,CHN,China,8831986
338164513,PRIEST POINT,WCE6163,USA,United States,
412208610,HAIYING,BANV,CHN,China,8319598
413700350,HONG FENG 1 HAO,BVSP7,CHN,China,9756573
367097520,JENNIFER A,WDC9097,USA,United States,7937501
338167548,ISLAND DANCER,WCX2761,USA,United States,
366166330,ANNIHILATOR,WAV9937,USA,United States,7933672
367019320,LOGGER,WDC4116,USA,United States,7203003
367026930,DOROTHEA,WDC4584,USA,United States,
367028430,ALASKA EAGLE,WAK7961,USA,United States,7202566
367312010,LOIS ANDERSON,WDD9476,USA,United States,7203015
273433460,BUZANSKIY,UDWZ,RUS,Russia,8723309
273850200,SVETLOVODNYY,UBMG,RUS,Russia,7945572
548335100,DOLLY 798,4DEE3,PHL,Philippines,7916791
412704070,MIN XIA YU 1458,BVBR7,CHN,China,8426951
412440252,FUYUANYULENG15,BZU3K,CHN,China,
412676880,FUYUANYUF98,BZ2US,CHN,China,8792178
412458520,JINCHENGXING7,BVEK,CHN,China,
,DOLLY 889,,PHL,Philippines,8211007
352545000,MONTECRUZ,3FUH5,PAN,Panama,7710276
515270000,SHINGLE,ERXB,MDA,Moldova,8036079
224500000,HERMANOS PINZON,EEDF,ESP,Spain,7816472
352308000,PRINCESA GUASIMARA,3ECO,PAN,Panama,9442237
273332290,BUKHTA RUSSKAYA,UFLQ,RUS,Russia,9076272
273332343,BUKHTA RUSSKAYA,UFLQ,RUS,Russia,9076272
645358000,SIERRALAUREL,3BRW,MUS,Mauritius,9163403
636017004,SIERRA QUEEN,D5IV7,LBR,Liberia,9127928
306873000,SIERRALEYRE,PJJZ,ANT,Netherlands Antilles,9135822
514394000,POLUS1,UUAY6,UKR,Ukraine,8727018
427320957,OBAYATELNYY,UDQY,RUS,Russia,8724377
273211111,PAMYAT ILICHA,UFYW,RUS,Russia,8811675
273252100,VYBORGSKIY,UFVQ,RUS,Russia,8723270
273312950,ORION,UBYQ,RUS,Russia,7920546
273316040,REFRIGERATOR-605,UIVV,RUS,Russia,8225668
273337510,CRYSTAL ARCTICA,UBGF5,RUS,Russia,8509571
273338510,CRYSTAL AFRICA,UBGF6,RUS,Russia,8509583
273344710,ICE BREEZE,UBSE4,RUS,Russia,8609802
273348810,ICE STREAM,UBTE5,RUS,Russia,8609814
273351170,ODIN,UBRI2,RUS,Russia,8320834
273357670,FRIO SEVASTOPOLIS,UBWI5,RUS,Russia,8860432
273359920,TAVRIA,UBIH4,RUS,Russia,8826759
273381350,KAMCHATSKIY PROLIV,UARD,RUS,Russia,9061899
273385120,URGULL,UBZN7,RUS,Russia,8810190
636091097,PRINCE OF TIDES,A8JI4,LBR,Liberia,9061198
273395480,ATLANTICA,UCFB,RUS,Russia,8812796
306509000,ARUBA,PJJH,CUW,Cura ao,8812796
273422240,KAPITAN KIRICHENKO,UEZS,RUS,Russia,8832069
273429140,VASILIY POLESHCHUK,UIQL,RUS,Russia,8701038
273434080,NADEZHDA,UEPQ,RUS,Russia,7379553
273436790,PETERGOF,UIKZ,RUS,Russia,8319184
273441270,MYS KOMMUNAROV,UFTA,RUS,Russia,7821910
273442740,BUKHTA NAGAEVA,UDVM,RUS,Russia,8313879
273561800,SARGAN,UGOL,RUS,Russia,9101352
273815050,KOMSOMOLIYA KALININGRADA,UHWS,RUS,Russia,8033857
273816020,KORSAKOV,UIUT,RUS,Russia,8326113
273827710,TITANIYA,UFBO,RUS,Russia,8727147
308541000,GREEN SELJE,C6IB5,BHS,The Bahamas,8804529
667001392,OCEAN STAR 98,9LU2195,SLE,Sierra Leone,8517346
309165000,GREEN KLIPPER,C6VY9,BHS,The Bahamas,9001904
309479000,HAINANBAOSHA11,C6NP7,BHS,The Bahamas,9063665
341838000,RANGIROA,V4ET3,KNA,Saint Kitts and Nevis,8210259
354464000,REF LIRA,3FKY4,PAN,Panama,9016961
356695424,DAFENG MARINER,3FIO6,PAN,Panama,8319031
667003248,ZHONG ZHOU 1,9LY2445,SLE,Sierra Leone,9044358
672656576,DO WON,5VDJ9,TGO,Togo,7927037
341009000,FRIO MURMANSK,V4KD2,KNA,Saint Kitts and Nevis,8845717
518184000,LAPPONIAN REEFER,E5U2135,COK,Cook Islands,8917534
334548000,AMORY,HQXP3,HND,Honduras,8608597
355069000,CHAINAVEE REEFER,H9XR,PAN,Panama,7637591
341443000,HAI FENG 898,V4UF2,KNA,Saint Kitts and Nevis,8420751
351478000,ATMODA,3FNT8,PAN,Panama,8908076
529485000,SYOTA MARU,T3CC2,KIR,Kiribati,9087908
352256000,SASANQUA,3FFV3,PAN,Panama,9061904
352349000,FRIO SHINANO,3FNR3,PAN,Panama,9073385
352408000,WILD LOTUS,3FUT8,PAN,Panama,9181168
352769000,XUE LIN,3FVB3,PAN,Panama,8203816
352894000,TUNA QUEEN,HPFK,PAN,Panama,9278612
353185000,KURIKOMA,3FTS6,PAN,Panama,9145920
353631000,ASARI,HO6144,PAN,Panama,8725814
353692000,ASAHI,3FJF4,PAN,Panama,9004657
577105000,RYOMA,YJTA9,VUT,Vanuatu,9133305
354655000,REINA CRISTINA,3ERM8,PAN,Panama,9011301
730151013,ORION S,HKJC7,COL,Colombia,8513869
354670000,SHENXING,HOFG,PAN,Panama,8221947
354670000,SUNFUFA,HOFG,PAN,Panama,8221947
355357000,BRILLIANT REEFER,HO5625,PAN,Panama,6400563
529052000,FORTUNA REEFER,T3KB,KIR,Kiribati,7908770
371322000,HAI FENG 895,3ECC7,PAN,Panama,8814237
900466888,TALOFA,YJRZ7,VUT,Vanuatu,8223311
529382000,SEA STAR,T3YU,KIR,Kiribati,8914221
373443000,FRIO ATLANTIC,3EXR3,PAN,Panama,8911487
373897000,FRIO DOLPHIN,3EDI8,PAN,Panama,8807442
375789000,EUROPA,J8B4449,VCT,Saint Vincent and the Grenadines,8224432
667007053,HAO XIANG,9LF7053,SLE,Sierra Leone,7812062
374906000,SHIN FUJI,HPEF,PAN,Panama,9140281
576276000,SHIN FUJI,YJQA4,VUT,Vanuatu,9140281
529837000,WEI LI,T3SU2,KIR,Kiribati,7726706
412423655,PU YUAN LENG 6,BZV7S,CHN,China,8779918
415518424,LIANCHUANSHENG66,BEGE,TWN,Taiwan,7305722
431678000,TAISEI MARU NO.24,JILE,JPN,Japan,9086758
440571000,SEIHO,D7XP,KOR,South Korea,8909680
441032000,SEA MANSION,DSOP5,KOR,South Korea,8808161
441240000,SL ARCHI,DSOR5,KOR,South Korea,8712398
441377000,CHERRY STAR,DSNK2,KOR,South Korea,9015840
577161000,HSIANG FU,YJTH9,VUT,Vanuatu,9684067
441690000,SOHOH,DSQS6,KOR,South Korea,9209245
529092000,SUN BIG NO.3,T3LU,KIR,Kiribati,7352804
567004800,SEAVICPRINSES,HSB2579,THA,Thailand,7819034
567487000,SEANETWORK,HSB4831,THA,Thailand,7637553
636017275,VICTORIA II,D5KD3,LBR,Liberia,9140097
616735000,SALYREEFER,D6EU2,COM,Comoros,7813925
627047000,VOLTA GLORY,9GII,GHA,Ghana,8323604
636010125,ELBRUS,ELRD7,LBR,Liberia,8916229
636013651,FUJI BAY,A8OL6,LBR,Liberia,8920141
636018031,BAO REEFER,A8JI3,LBR,Liberia,9066485
636091098,PRINCE OF SEAS,A8JI5,LBR,Liberia,9014444
667943000,LUCKY 101,9LD2244,SLE,Sierra Leone,8831431
371156000,ANDROS,H9PE,PAN,Panama,
,EWKILIMANJARO,,LBR,Liberia,8807466
,HAIFENG830,,CHN,China,7379412
,TIANTAI,,TZA,Tanzania,7905039
645133000,PELAMIS,3BJO,MUS,Mauritius,8112380
412420105,ZHE ZHOU YU LENG 220,BZ9UP,CHN,China,8981341
412420329,XIN ZHOU,BZ6VD,CHN,China,
677018800,DENIZ,5IM288,TZA,Tanzania,8202563
725000962,RONIA AUSTRAL,CA3966,CHL,Chile,9229465
258255000,RONJA NORDIC,LASK,NOR,Norway,9443695
725000963,RONIA PACIFIC,CA3967,CHL,Chile,9276963
316018751,RONJA,CFN5530,CAN,Canada,9165475
412453005,FENGHAI2,BVHC7,CHN,China,7810698
338898000,EGEGIK SPIRIT,WDF4089,USA,United States,7515054
367039940,NOTORIOUS,WDH5866,USA,United States,7202061
367452850,TINA B,WDF4520,USA,United States,
367488280,MUSKRAT,WDF7801,USA,United States,5244259
273382236,BLUETRANS,UBAO2,RUS,Russia,9220835
259091000,OEYLAKS,3YWB,NOR,Norway,9606211
413447320,HAIJILI,T3PM2,CHN,China,9677595
412329639,LURONGYUANYUYUN158,BBZS3,CHN,China,9736339
416064900,FENG HAI NO.1,BZHY,TWN,Taiwan,8676300
413458510,JINCHENGXING7,BVEK,CHN,China,
636014564,IBERIANREEFER,A8UV5,LBR,Liberia,8819287
8442807,BAY PHOENIX,A8OE5,LBR,Liberia,9047271
636092423,BAY PHOENIX,A8OE5,LBR,Liberia,9047271
529089000,SHIN HO CHUN 101,T3LR,KIR,Kiribati,9220653
334622000,NEWSEAREEFER,HQXM3,HND,Honduras,7637527
273379740,FRIO FORWIN,UCRZ,RUS,Russia,9076260
511388000,AQUAMARINE,T8A2463,PLW,Palau,7719595
548906000,DOLLY 898,DUGQ,PHL,Philippines,9076246
273332351,BUKHTA RUSSKAYA,UFLQ,RUS,Russia,9076272
341891000,HARENGUS,V4WE2,KNA,Saint Kitts and Nevis,8920983
245973000,SIERRA LEYRE,PCPM,NLD,Netherlands,9135822
258818000,SILVER HORN,LAKU6,NOR,Norway,8907204
273311860,PROGRESS,UFWZ,RUS,Russia,8516615
273312860,GARMONIYA,UERQ,RUS,Russia,8516639
273349630,ZODIAK,UBFG9,RUS,Russia,8712300
273352840,SAN DIEGO,UBCI2,RUS,Russia,8421200
273353640,EKATERINA,UBZH8,RUS,Russia,8603171
273354920,SIRIUS-1,UBHH7,RUS,Russia,9003146
440241000,SEIN VENUS,D7NH,KOR,South Korea,9003146
351747000,FRIO AEGEAN I,3FSS8,PAN,Panama,9196357
273385132,URGULL,UBZN7,RUS,Russia,8810190
273385143,URGULL,UBZN7,RUS,Russia,8810190
334533000,URGULL,HQWX4,HND,Honduras,8810190
341464000,ATLANTICREEFER,V4KJ3,KNA,Saint Kitts and Nevis,8817186
636015528,PRINCEOFSTREAM,A8OE7,LBR,Liberia,9073268
273441679,JUPITER,UDOW,RUS,Russia,7700116
273449790,PLUTONAS,UERU,RUS,Russia,7808322
273813060,TARAVA,UBMB,RUS,Russia,8880511
273895510,DRUZHBA,UHSV,RUS,Russia,8730089
277254000,LYRA,LYOY,LTU,Lithuania,9009695
306303000,HOPEBAY,PJQK,CUW,Cura ao,9135169
308868000,GREEN GUATEMALA,C6WA6,BHS,The Bahamas,8912144
309478000,HAINANBAOSHA12,C6NP6,BHS,The Bahamas,9063653
352610000,HAINANBAOSHA12,C6NP6,BHS,The Bahamas,9063653
309578000,CHANGUINOLABAY,C6RB2,BHS,The Bahamas,8801814
354871000,FRIO OCEANIC,3FYF8,PAN,Panama,8801814
515201000,QIANYUAN,XUFN4,KHM,Cambodia,8819691
312413000,QIAO TAI,V3TV5,BLZ,Belize,9677595
355720000,GLOBAL MARINER,3EMW4,PAN,Panama,8813582
518332000,TOKACHIFROST,V3RS6,BLZ,Belize,8503242
514361000,SOMBRAVOLANTE,XUCR6,KHM,Cambodia,8408258
440217000,BADARO,D7MZ,KOR,South Korea,9163439
440102000,TORAH,DSRO9,KOR,South Korea,8815023
529105000,TAIFU3,T3MH,KIR,Kiribati,7927453
352135000,WIN UNI,3EFL4,PAN,Panama,7302299
440057000,KHOROL,D7MH,KOR,South Korea,8904068
352475000,DINOK,HOAJ,PAN,Panama,8908234
353211424,FONG QUN,3EDM9,PAN,Panama,7920728
353482000,TAI NING,3ERF3,PAN,Panama,8217116
353773000,ASIAN BRIER,3FTB8,PAN,Panama,9172703
354874000,KENTA MARU,3FXQ4,PAN,Panama,8615784
355085424,LIANRUN,3EJR7,PAN,Panama,7624271
636091652,HIMALAYABAY,A8OL7,LBR,Liberia,8908193
529874000,MING FENG,T3UH2,KIR,Kiribati,8214827
370070000,FONG KUO NO. 819,3FCY3,PAN,Panama,8913992
529304000,SEIWA,T3VQ,KIR,Kiribati,9021277
372177000,KRASKINO,3EPS9,KIR,Kiribati,8906808
529346000,FULL KUO SHIN,T3XH,KIR,Kiribati,8604967
440257000,FRIO ANTARCTIC,D7NU,KOR,South Korea,8807466
548483000,HUMBOLDTREX,DYAQ,PHL,Philippines,9179397
529615000,HAI SHUN 158,T3HN2,KIR,Kiribati,9011911
374173000,HAN XING,3FYT4,PAN,Panama,9586332
374244000,HIKARI 1,3EYH9,PAN,Panama,9293313
374410000,YONG XIANG 8,3EML7,PAN,Panama,8609280
374611000,LAKE HILL 7,3EYA7,PAN,Panama,8028955
529578000,YUN RUN 3,T3FZ2,KIR,Kiribati,9161613
403025000,ALZOHAL1,HZDD,SAU,Saudi Arabia,8520501
636017709,WEI LI,D5MI8,LBR,Liberia,7726706
412300004,HAI FENG 896,BZZQ5,CHN,China,9002180
422733000,KOOSHA 3,9BQJ,IRN,Iran,7917458
441034047,SUN FLOWER 7,DSPI5,KOR,South Korea,8513871
441418000,SEIBU,D7HD,KOR,South Korea,9684067
636011004,CAPE BELLE,ELWE4,LBR,Liberia,9051789
455266000,BAROASAA,8QDY,MDV,Maldives,8304323
667003426,HENGXING1,9LY2623,SLE,Sierra Leone,8834421
529268000,HUA JIAN 109,T3UC,KIR,Kiribati,7929762
548050500,ANIKA MICHELLE,DUG9197,PHL,Philippines,8920024
567008100,ITFA3,HSB2369,THA,Thailand,7905833
576328000,GENTA MARU,YJRE3,VUT,Vanuatu,9620384
636017162,GENTA MARU,D5JO9,LBR,Liberia,9620384
576419000,MEITA MARU,YJQE8,VUT,Vanuatu,9071583
636017161,MEITA MARU,D5JO8,LBR,Liberia,9071583
636017301,FUTAGAMI,D5KG4,LBR,Liberia,9105293
616401000,SILVER ICE,D6DA5,COM,Comoros,7819759
,BARON1,,PAN,Panama,8911619
,ISIDA,,SLE,Sierra Leone,8320834
,PACIFIC PLOVER,,PHL,Philippines,8513352
,KHOROL,,PAN,Panama,8904068
,MINGFA,,SLE,Sierra Leone,7809390
,SEAPHOENIX,,LBR,Liberia,9045156
,TORAH,,MHL,Marshall Islands,8815023
,WINDFROST,,MLT,Malta,8807662
